{
    "Cytosolic Proteins": 0.015038427896797657,
    "Mitochondrial Proteins": 0.0039428346790373325,
    "Nuclear Proteins": 0.003475453471764922,
    "Other Proteins": 0.0011614946415647864,
    "Extracellular/Secreted Proteins": 0.9763818383216858
}