{
    "GO:0005575": 0.8463926911354065,
    "GO:0008150": 0.8500742316246033,
    "GO:0110165": 0.8463261723518372,
    "GO:0003674": 0.8606134653091431,
    "GO:0005622": 0.7642198801040649,
    "GO:0009987": 0.7785803079605103,
    "GO:0043226": 0.7791509032249451,
    "GO:0043229": 0.7439557313919067,
    "GO:0005488": 0.7100965976715088,
    "GO:0043227": 0.7745217680931091,
    "GO:0005737": 0.7600773572921753,
    "GO:0043231": 0.7573923468589783,
    "GO:0005515": 0.6588947772979736,
    "GO:0065007": 0.7571464776992798,
    "GO:0050789": 0.7240458130836487,
    "GO:0050794": 0.7060554027557373,
    "GO:0050896": 0.6601600050926208,
    "GO:0008152": 0.8511756062507629,
    "GO:0032501": 0.7065674662590027,
    "GO:0005634": 0.3635315001010895,
    "GO:0032502": 0.5938436985015869,
    "GO:0071704": 0.8574761748313904,
    "GO:0048856": 0.5770909786224365,
    "GO:0016020": 0.5868058800697327,
    "GO:0003824": 0.8845736384391785,
    "GO:0044237": 0.7271632552146912,
    "GO:0044238": 0.8384115695953369,
    "GO:0007275": 0.5325955748558044,
    "GO:0006807": 0.7987530827522278,
    "GO:0071944": 0.5237747430801392,
    "GO:0071840": 0.31332749128341675,
    "GO:0019222": 0.5516985058784485,
    "GO:0016043": 0.3182390332221985,
    "GO:0048518": 0.5800306797027588,
    "GO:0005829": 0.464661568403244,
    "GO:0043170": 0.7362149357795715,
    "GO:0048731": 0.4855762720108032,
    "GO:0060255": 0.4746409058570862,
    "GO:0051716": 0.47787073254585266,
    "GO:0005886": 0.4467310309410095,
    "GO:0032991": 0.15382058918476105,
    "GO:0043228": 0.0778503343462944,
    "GO:0043232": 0.08168753236532211,
    "GO:0031974": 0.6697710752487183,
    "GO:0043233": 0.6685593724250793,
    "GO:0070013": 0.6740453839302063,
    "GO:0048519": 0.6099451780319214,
    "GO:0048522": 0.5711655616760254,
    "GO:0080090": 0.507541298866272,
    "GO:0031323": 0.48281002044677734,
    "GO:0042221": 0.4992206394672394,
    "GO:1901564": 0.8013520836830139,
    "GO:0051171": 0.4765021502971649,
    "GO:0006950": 0.356169193983078,
    "GO:0010468": 0.33459579944610596,
    "GO:0051179": 0.17066620290279388,
    "GO:0048869": 0.3214089870452881,
    "GO:0031981": 0.3141828775405884,
    "GO:0030154": 0.3234507739543915,
    "GO:0012505": 0.570305585861206,
    "GO:0048513": 0.5318968892097473,
    "GO:0097159": 0.1503010392189026,
    "GO:0009653": 0.26876166462898254,
    "GO:1901363": 0.13584555685520172,
    "GO:0048523": 0.5605631470680237,
    "GO:1901360": 0.3145945072174072,
    "GO:0051234": 0.11930368840694427,
    "GO:0034641": 0.2159740924835205,
    "GO:0007154": 0.354781836271286,
    "GO:0009605": 0.26183298230171204,
    "GO:0009889": 0.2511592507362366,
    "GO:0006725": 0.23238712549209595,
    "GO:0006810": 0.12401633709669113,
    "GO:0009058": 0.34977927803993225,
    "GO:0031326": 0.2172168493270874,
    "GO:0046483": 0.18076065182685852,
    "GO:0005654": 0.30871260166168213,
    "GO:0019219": 0.17935635149478912,
    "GO:1901576": 0.32556405663490295,
    "GO:0048583": 0.41118064522743225,
    "GO:0003676": 0.013411133550107479,
    "GO:0010556": 0.16012558341026306,
    "GO:0048468": 0.21263691782951355,
    "GO:0006996": 0.06947340816259384,
    "GO:0044249": 0.28837573528289795,
    "GO:0016740": 0.15675948560237885,
    "GO:0023052": 0.3864077627658844,
    "GO:0051252": 0.145406112074852,
    "GO:0009893": 0.40953412652015686,
    "GO:0019538": 0.6971551775932312,
    "GO:0010033": 0.47736433148384094,
    "GO:0006139": 0.10582438856363297,
    "GO:0005739": 0.30680403113365173,
    "GO:2001141": 0.09712064266204834,
    "GO:1903506": 0.09547960013151169,
    "GO:0006355": 0.09073928743600845,
    "GO:0010604": 0.35411232709884644,
    "GO:0007165": 0.323566734790802,
    "GO:0005576": 0.7560973167419434,
    "GO:0000003": 0.1992616206407547,
    "GO:0007399": 0.3496599495410919,
    "GO:0009888": 0.28532180190086365,
    "GO:0010646": 0.45822805166244507,
    "GO:0023051": 0.4605928063392639,
    "GO:0044260": 0.23253193497657776,
    "GO:0044085": 0.09493130445480347,
    "GO:0051239": 0.5078543424606323,
    "GO:0016787": 0.9063009023666382,
    "GO:0022414": 0.21169501543045044,
    "GO:0050793": 0.3509332239627838,
    "GO:0065008": 0.7195041179656982,
    "GO:0031090": 0.2539161741733551,
    "GO:0031325": 0.31456512212753296,
    "GO:0009892": 0.37721243500709534,
    "GO:0051173": 0.30522415041923523,
    "GO:0044281": 0.47334998846054077,
    "GO:0090304": 0.01877623237669468,
    "GO:0031982": 0.57546067237854,
    "GO:0051641": 0.10329848527908325,
    "GO:0070887": 0.31139057874679565,
    "GO:0140096": 0.6780924201011658,
    "GO:0042995": 0.2709936797618866,
    "GO:0009628": 0.21453069150447845,
    "GO:0120025": 0.26186203956604004,
    "GO:0010605": 0.3249465525150299,
    "GO:0022607": 0.09343666583299637,
    "GO:0044419": 0.10423994809389114,
    "GO:0009966": 0.36061906814575195,
    "GO:1901700": 0.4426451027393341,
    "GO:0051128": 0.28843411803245544,
    "GO:0043412": 0.228522390127182,
    "GO:0033554": 0.0948370173573494,
    "GO:0030054": 0.3076333999633789,
    "GO:0003677": 0.0037170685827732086,
    "GO:0009607": 0.0877438634634018,
    "GO:0009790": 0.1347058266401291,
    "GO:0009056": 0.6642301082611084,
    "GO:0010467": 0.3086170256137848,
    "GO:0005856": 0.03395180031657219,
    "GO:0043207": 0.08350855112075806,
    "GO:0051707": 0.09171025454998016,
    "GO:0003006": 0.09091056138277054,
    "GO:0036211": 0.221968412399292,
    "GO:1902494": 0.02912185713648796,
    "GO:0042802": 0.2752310633659363,
    "GO:0005783": 0.28475257754325867,
    "GO:0033036": 0.19520309567451477,
    "GO:0043167": 0.49512583017349243,
    "GO:0022008": 0.1703425496816635,
    "GO:0071702": 0.08680138736963272,
    "GO:0051172": 0.2663768529891968,
    "GO:0031324": 0.2336282879114151,
    "GO:0097708": 0.3782418966293335,
    "GO:0031410": 0.37511277198791504,
    "GO:1901575": 0.6249698400497437,
    "GO:0009891": 0.1282329261302948,
    "GO:0006793": 0.30093610286712646,
    "GO:0032879": 0.3923397958278656,
    "GO:1901566": 0.16000184416770935,
    "GO:0005615": 0.727128803730011,
    "GO:0031328": 0.11126869916915894,
    "GO:0045935": 0.08770427852869034,
    "GO:0006796": 0.27031517028808594,
    "GO:0009719": 0.37880831956863403,
    "GO:0009887": 0.16673098504543304,
    "GO:0051246": 0.3967013955116272,
    "GO:0048584": 0.19236208498477936,
    "GO:0048699": 0.14346443116664886,
    "GO:0044248": 0.5027168393135071,
    "GO:0044271": 0.11005423218011856,
    "GO:0060429": 0.20945623517036438,
    "GO:0048646": 0.11984707415103912,
    "GO:0016070": 0.00965995155274868,
    "GO:0005215": 0.0018579289317131042,
    "GO:0031975": 0.09071170538663864,
    "GO:0010557": 0.05876597762107849,
    "GO:0006357": 0.059391677379608154,
    "GO:0030182": 0.14250311255455017,
    "GO:0065009": 0.3301379382610321,
    "GO:0051649": 0.04477999731898308,
    "GO:0051254": 0.061976108700037,
    "GO:0006629": 0.4467311203479767,
    "GO:0016491": 0.2596595883369446,
    "GO:0022857": 0.0009627471445128322,
    "GO:0071310": 0.2574620842933655,
    "GO:0003008": 0.4726986289024353,
    "GO:0043565": 0.0017510808538645506,
    "GO:0070727": 0.07261772453784943,
    "GO:0009059": 0.08150719106197357,
    "GO:0030030": 0.046373989433050156,
    "GO:0042592": 0.17598658800125122,
    "GO:0031967": 0.07143197953701019,
    "GO:1901362": 0.05990889295935631,
    "GO:0098588": 0.1819697469472885,
    "GO:0006082": 0.3758116066455841,
    "GO:0008104": 0.06914298236370087,
    "GO:0006952": 0.09359120577573776,
    "GO:0043436": 0.3796174228191376,
    "GO:0120036": 0.05119715631008148,
    "GO:1902680": 0.03835389018058777
}