{"name": "1H59_2", "sequence": "SALAEGQSCGVYTERCAQGLRCLPRQDEEKPLHALLHGRGVCLNEKSYREQVKI", "cytosolic_proteins": 0.0015071133384481072, "mitochondrial_proteins": 0.0014178010169416666, "nuclear_proteins": 0.0007758646970614791, "other_proteins": 0.000694568152539432, "extracellular_secreted_proteins": 0.9956046342849731}