{"name": "1H59_1", "sequence": "GPETLCGAELVDALQFVCGDRGFYFNKPTGYGSSSRRAPQTGIVDECCFRSCDLRRLEMYCAPLKPAKSA", "cytosolic_proteins": 0.0013031988637521863, "mitochondrial_proteins": 0.00130620994605124, "nuclear_proteins": 0.0006520755705423653, "other_proteins": 0.0007711443467997015, "extracellular_secreted_proteins": 0.9959673881530762}