{
    "Cytosolic Proteins": 0.0018711049342527986,
    "Mitochondrial Proteins": 0.0013735569082200527,
    "Nuclear Proteins": 0.0008718211902305484,
    "Other Proteins": 0.0010167991276830435,
    "Extracellular/Secreted Proteins": 0.9948667287826538
}