{
    "GO:0005575": 0.9148525595664978,
    "GO:0008150": 0.9506779313087463,
    "GO:0110165": 0.9106227159500122,
    "GO:0003674": 0.9689089059829712,
    "GO:0005622": 0.7305868864059448,
    "GO:0009987": 0.8723806142807007,
    "GO:0043226": 0.6966891884803772,
    "GO:0043229": 0.6376836895942688,
    "GO:0005488": 0.8685576319694519,
    "GO:0043227": 0.7081476449966431,
    "GO:0005737": 0.6918639540672302,
    "GO:0043231": 0.6565757989883423,
    "GO:0005515": 0.810656726360321,
    "GO:0065007": 0.5504216551780701,
    "GO:0050789": 0.46417564153671265,
    "GO:0050794": 0.32944536209106445,
    "GO:0050896": 0.8768396973609924,
    "GO:0008152": 0.8929954171180725,
    "GO:0032501": 0.5176889896392822,
    "GO:0005634": 0.18843655288219452,
    "GO:0032502": 0.5345742702484131,
    "GO:0071704": 0.8918187618255615,
    "GO:0048856": 0.4844658672809601,
    "GO:0016020": 0.2931649684906006,
    "GO:0003824": 0.9721922874450684,
    "GO:0044237": 0.6759978532791138,
    "GO:0044238": 0.8565798401832581,
    "GO:0007275": 0.3364609479904175,
    "GO:0006807": 0.7672470211982727,
    "GO:0071944": 0.5817402601242065,
    "GO:0071840": 0.4270631670951843,
    "GO:0019222": 0.15155047178268433,
    "GO:0016043": 0.3774873912334442,
    "GO:0048518": 0.38709554076194763,
    "GO:0005829": 0.22955293953418732,
    "GO:0043170": 0.8730522990226746,
    "GO:0048731": 0.23283042013645172,
    "GO:0060255": 0.10042710602283478,
    "GO:0051716": 0.2939392030239105,
    "GO:0005886": 0.21437817811965942,
    "GO:0032991": 0.2598273456096649,
    "GO:0043228": 0.05277355760335922,
    "GO:0043232": 0.047417860478162766,
    "GO:0031974": 0.24295184016227722,
    "GO:0043233": 0.27051201462745667,
    "GO:0070013": 0.27054163813591003,
    "GO:0048519": 0.21295353770256042,
    "GO:0048522": 0.22548632323741913,
    "GO:0080090": 0.0443473644554615,
    "GO:0031323": 0.068195641040802,
    "GO:0042221": 0.49722492694854736,
    "GO:1901564": 0.7420821785926819,
    "GO:0051171": 0.05294720083475113,
    "GO:0006950": 0.8572877049446106,
    "GO:0010468": 0.09820565581321716,
    "GO:0051179": 0.15037500858306885,
    "GO:0048869": 0.15350212156772614,
    "GO:0031981": 0.029786119237542152,
    "GO:0030154": 0.10984797030687332,
    "GO:0012505": 0.3860366940498352,
    "GO:0048513": 0.16878123581409454,
    "GO:0097159": 0.12607188522815704,
    "GO:0009653": 0.21449533104896545,
    "GO:1901363": 0.12716752290725708,
    "GO:0048523": 0.09269443154335022,
    "GO:1901360": 0.3937980830669403,
    "GO:0051234": 0.10033078491687775,
    "GO:0034641": 0.35707375407218933,
    "GO:0007154": 0.10880570113658905,
    "GO:0009605": 0.8793824911117554,
    "GO:0009889": 0.045903585851192474,
    "GO:0006725": 0.4341220557689667,
    "GO:0006810": 0.10787682235240936,
    "GO:0009058": 0.3812374472618103,
    "GO:0031326": 0.033947691321372986,
    "GO:0046483": 0.32225582003593445,
    "GO:0005654": 0.014878869988024235,
    "GO:0019219": 0.008404477499425411,
    "GO:1901576": 0.34396204352378845,
    "GO:0048583": 0.4999713897705078,
    "GO:0003676": 0.06887136399745941,
    "GO:0010556": 0.012052075937390327,
    "GO:0048468": 0.06950591504573822,
    "GO:0006996": 0.027463652193546295,
    "GO:0044249": 0.4218158423900604,
    "GO:0016740": 0.18408645689487457,
    "GO:0023052": 0.04377809539437294,
    "GO:0051252": 0.005499370861798525,
    "GO:0009893": 0.06745540350675583,
    "GO:0019538": 0.6211676001548767,
    "GO:0010033": 0.32030975818634033,
    "GO:0006139": 0.27683737874031067,
    "GO:0005739": 0.06766669452190399,
    "GO:2001141": 0.007700429763644934,
    "GO:1903506": 0.007042043376713991,
    "GO:0006355": 0.007062641903758049,
    "GO:0010604": 0.055014047771692276,
    "GO:0007165": 0.023065343499183655,
    "GO:0005576": 0.8920264840126038,
    "GO:0000003": 0.39877185225486755,
    "GO:0007399": 0.02983783558011055,
    "GO:0009888": 0.08456899225711823,
    "GO:0010646": 0.18069040775299072,
    "GO:0023051": 0.18163295090198517,
    "GO:0044260": 0.6118746995925903,
    "GO:0044085": 0.17288561165332794,
    "GO:0051239": 0.19079086184501648,
    "GO:0016787": 0.9749661684036255,
    "GO:0022414": 0.29549792408943176,
    "GO:0050793": 0.12532292306423187,
    "GO:0065008": 0.16543494164943695,
    "GO:0031090": 0.026817891746759415,
    "GO:0031325": 0.032493606209754944,
    "GO:0009892": 0.036471910774707794,
    "GO:0051173": 0.02281264029443264,
    "GO:0044281": 0.09932465851306915,
    "GO:0090304": 0.29485052824020386,
    "GO:0031982": 0.6957300305366516,
    "GO:0051641": 0.05790553614497185,
    "GO:0070887": 0.1763128787279129,
    "GO:0140096": 0.6915754079818726,
    "GO:0042995": 0.11473065614700317,
    "GO:0009628": 0.3477349877357483,
    "GO:0120025": 0.0738675445318222,
    "GO:0010605": 0.03947853296995163,
    "GO:0022607": 0.09754181653261185,
    "GO:0044419": 0.94708251953125,
    "GO:0009966": 0.18636061251163483,
    "GO:1901700": 0.2998097240924835,
    "GO:0051128": 0.0324375219643116,
    "GO:0043412": 0.0879942774772644,
    "GO:0033554": 0.18251992762088776,
    "GO:0030054": 0.11818861216306686,
    "GO:0003677": 0.036250412464141846,
    "GO:0009607": 0.9163538217544556,
    "GO:0009790": 0.106216199696064,
    "GO:0009056": 0.8270547389984131,
    "GO:0010467": 0.5516447424888611,
    "GO:0005856": 0.012083945795893669,
    "GO:0043207": 0.9210712909698486,
    "GO:0051707": 0.9226735830307007,
    "GO:0003006": 0.19364526867866516,
    "GO:0036211": 0.08031032979488373,
    "GO:1902494": 0.020144881680607796,
    "GO:0042802": 0.6868438720703125,
    "GO:0005783": 0.08810437470674515,
    "GO:0033036": 0.08102722465991974,
    "GO:0043167": 0.8222365975379944,
    "GO:0022008": 0.014221536926925182,
    "GO:0071702": 0.020237330347299576,
    "GO:0051172": 0.02202022634446621,
    "GO:0031324": 0.010883677750825882,
    "GO:0097708": 0.6013404726982117,
    "GO:0031410": 0.6173359751701355,
    "GO:1901575": 0.8172992467880249,
    "GO:0009891": 0.012377114966511726,
    "GO:0006793": 0.05483540520071983,
    "GO:0032879": 0.0383501872420311,
    "GO:1901566": 0.0856957659125328,
    "GO:0005615": 0.8089485764503479,
    "GO:0031328": 0.01031031459569931,
    "GO:0045935": 0.004938803147524595,
    "GO:0006796": 0.044897373765707016,
    "GO:0009719": 0.15840129554271698,
    "GO:0009887": 0.12992863357067108,
    "GO:0051246": 0.024638045579195023,
    "GO:0048584": 0.31830498576164246,
    "GO:0048699": 0.0073976521380245686,
    "GO:0044248": 0.6814088821411133,
    "GO:0044271": 0.15589891374111176,
    "GO:0060429": 0.052113428711891174,
    "GO:0048646": 0.11885234713554382,
    "GO:0016070": 0.1091558188199997,
    "GO:0005215": 2.994975875481032e-05,
    "GO:0031975": 0.03682471439242363,
    "GO:0010557": 0.0026785312220454216,
    "GO:0006357": 0.0017671989044174552,
    "GO:0030182": 0.007131297141313553,
    "GO:0065009": 0.08891623467206955,
    "GO:0051649": 0.01588083989918232,
    "GO:0051254": 0.002542283618822694,
    "GO:0006629": 0.06983070820569992,
    "GO:0016491": 0.36933377385139465,
    "GO:0022857": 1.4654747246822808e-05,
    "GO:0071310": 0.042790815234184265,
    "GO:0003008": 0.01713673211634159,
    "GO:0043565": 0.0018845326267182827,
    "GO:0070727": 0.03686363995075226,
    "GO:0009059": 0.25445228815078735,
    "GO:0030030": 0.016336428001523018,
    "GO:0042592": 0.06312371045351028,
    "GO:0031967": 0.007432508282363415,
    "GO:1901362": 0.18868309259414673,
    "GO:0098588": 0.03313200920820236,
    "GO:0006082": 0.0378284715116024,
    "GO:0008104": 0.0396733321249485,
    "GO:0006952": 0.8683666586875916,
    "GO:0043436": 0.04195556789636612,
    "GO:0120036": 0.0064789410680532455,
    "GO:1902680": 0.0027218316681683064
}