{
    "Cytosolic Proteins": 0.0014808248961344361,
    "Mitochondrial Proteins": 0.001392990699969232,
    "Nuclear Proteins": 0.0007495342870242894,
    "Other Proteins": 0.0006325782160274684,
    "Extracellular/Secreted Proteins": 0.9957440495491028
}