{
    "GO:0005575": 0.915164589881897,
    "GO:0008150": 0.9433183073997498,
    "GO:0110165": 0.9160951375961304,
    "GO:0003674": 0.9266828894615173,
    "GO:0005622": 0.6458818912506104,
    "GO:0009987": 0.8056216835975647,
    "GO:0043226": 0.5627164840698242,
    "GO:0043229": 0.5391080975532532,
    "GO:0005488": 0.9031853675842285,
    "GO:0043227": 0.5708764791488647,
    "GO:0005737": 0.6490887999534607,
    "GO:0043231": 0.5454362034797668,
    "GO:0005515": 0.8741241097450256,
    "GO:0065007": 0.904053270816803,
    "GO:0050789": 0.8818185925483704,
    "GO:0050794": 0.8246984481811523,
    "GO:0050896": 0.9351012110710144,
    "GO:0008152": 0.5169137716293335,
    "GO:0032501": 0.6642072200775146,
    "GO:0005634": 0.12385609745979309,
    "GO:0032502": 0.5524817705154419,
    "GO:0071704": 0.400139182806015,
    "GO:0048856": 0.5208104848861694,
    "GO:0016020": 0.16938138008117676,
    "GO:0003824": 0.28251636028289795,
    "GO:0044237": 0.3713436722755432,
    "GO:0044238": 0.33539044857025146,
    "GO:0007275": 0.4136725068092346,
    "GO:0006807": 0.27007851004600525,
    "GO:0071944": 0.2956126630306244,
    "GO:0071840": 0.11810073256492615,
    "GO:0019222": 0.7515116930007935,
    "GO:0016043": 0.14062967896461487,
    "GO:0048518": 0.733677089214325,
    "GO:0005829": 0.08538278937339783,
    "GO:0043170": 0.29274705052375793,
    "GO:0048731": 0.29994213581085205,
    "GO:0060255": 0.710360050201416,
    "GO:0051716": 0.744806706905365,
    "GO:0005886": 0.1338108330965042,
    "GO:0032991": 0.12837927043437958,
    "GO:0043228": 0.012930736877024174,
    "GO:0043232": 0.012654174119234085,
    "GO:0031974": 0.16328684985637665,
    "GO:0043233": 0.1748422384262085,
    "GO:0070013": 0.17574375867843628,
    "GO:0048519": 0.8013545274734497,
    "GO:0048522": 0.6212430000305176,
    "GO:0080090": 0.6799142360687256,
    "GO:0031323": 0.5038883686065674,
    "GO:0042221": 0.6796351075172424,
    "GO:1901564": 0.20884668827056885,
    "GO:0051171": 0.6468112468719482,
    "GO:0006950": 0.9263904094696045,
    "GO:0010468": 0.5066515803337097,
    "GO:0051179": 0.4273264408111572,
    "GO:0048869": 0.17207002639770508,
    "GO:0031981": 0.016405241563916206,
    "GO:0030154": 0.15245430171489716,
    "GO:0012505": 0.3859047293663025,
    "GO:0048513": 0.375047892332077,
    "GO:0097159": 0.13717836141586304,
    "GO:0009653": 0.189410001039505,
    "GO:1901363": 0.09529019147157669,
    "GO:0048523": 0.619414210319519,
    "GO:1901360": 0.1738228052854538,
    "GO:0051234": 0.42587995529174805,
    "GO:0034641": 0.11404058337211609,
    "GO:0007154": 0.6650592684745789,
    "GO:0009605": 0.9222016334533691,
    "GO:0009889": 0.32307320833206177,
    "GO:0006725": 0.13988487422466278,
    "GO:0006810": 0.43281111121177673,
    "GO:0009058": 0.07242482155561447,
    "GO:0031326": 0.31272628903388977,
    "GO:0046483": 0.1305183470249176,
    "GO:0005654": 0.019439753144979477,
    "GO:0019219": 0.1635701060295105,
    "GO:1901576": 0.05860557407140732,
    "GO:0048583": 0.6880361437797546,
    "GO:0003676": 0.0372471921145916,
    "GO:0010556": 0.18628999590873718,
    "GO:0048468": 0.0946679562330246,
    "GO:0006996": 0.03523468226194382,
    "GO:0044249": 0.05676260218024254,
    "GO:0016740": 0.045118298381567,
    "GO:0023052": 0.6286333799362183,
    "GO:0051252": 0.1044069454073906,
    "GO:0009893": 0.4522227942943573,
    "GO:0019538": 0.18272431194782257,
    "GO:0010033": 0.5583001971244812,
    "GO:0006139": 0.08767345547676086,
    "GO:0005739": 0.0682573989033699,
    "GO:2001141": 0.07673807442188263,
    "GO:1903506": 0.06641171872615814,
    "GO:0006355": 0.06703558564186096,
    "GO:0010604": 0.37625420093536377,
    "GO:0007165": 0.5534884333610535,
    "GO:0005576": 0.9348771572113037,
    "GO:0000003": 0.2402488887310028,
    "GO:0007399": 0.0945933610200882,
    "GO:0009888": 0.24017325043678284,
    "GO:0010646": 0.6017560362815857,
    "GO:0023051": 0.6048845052719116,
    "GO:0044260": 0.041378770023584366,
    "GO:0044085": 0.03242901340126991,
    "GO:0051239": 0.7424329519271851,
    "GO:0016787": 0.10098958760499954,
    "GO:0022414": 0.12241769582033157,
    "GO:0050793": 0.32628363370895386,
    "GO:0065008": 0.74562668800354,
    "GO:0031090": 0.026040595024824142,
    "GO:0031325": 0.23763735592365265,
    "GO:0009892": 0.645702600479126,
    "GO:0051173": 0.23679235577583313,
    "GO:0044281": 0.13217850029468536,
    "GO:0090304": 0.059149470180273056,
    "GO:0031982": 0.39239031076431274,
    "GO:0051641": 0.10683058202266693,
    "GO:0070887": 0.5580914616584778,
    "GO:0140096": 0.11259663850069046,
    "GO:0042995": 0.1630764901638031,
    "GO:0009628": 0.42318469285964966,
    "GO:0120025": 0.18290531635284424,
    "GO:0010605": 0.640147864818573,
    "GO:0022607": 0.06117561459541321,
    "GO:0044419": 0.9220069050788879,
    "GO:0009966": 0.4293226897716522,
    "GO:1901700": 0.548201858997345,
    "GO:0051128": 0.16387835144996643,
    "GO:0043412": 0.08530979603528976,
    "GO:0033554": 0.24249179661273956,
    "GO:0030054": 0.027596354484558105,
    "GO:0003677": 0.022497430443763733,
    "GO:0009607": 0.8847104907035828,
    "GO:0009790": 0.15043482184410095,
    "GO:0009056": 0.1195485070347786,
    "GO:0010467": 0.1158171072602272,
    "GO:0005856": 0.0041743554174900055,
    "GO:0043207": 0.8956232666969299,
    "GO:0051707": 0.8928177952766418,
    "GO:0003006": 0.05162931978702545,
    "GO:0036211": 0.06319213658571243,
    "GO:1902494": 0.0143662104383111,
    "GO:0042802": 0.23065048456192017,
    "GO:0005783": 0.11424113810062408,
    "GO:0033036": 0.056005872786045074,
    "GO:0043167": 0.30513712763786316,
    "GO:0022008": 0.022448623552918434,
    "GO:0071702": 0.18872566521167755,
    "GO:0051172": 0.582656741142273,
    "GO:0031324": 0.2933695316314697,
    "GO:0097708": 0.30687811970710754,
    "GO:0031410": 0.3345877230167389,
    "GO:1901575": 0.1142069473862648,
    "GO:0009891": 0.0984097346663475,
    "GO:0006793": 0.17172123491764069,
    "GO:0032879": 0.6060855984687805,
    "GO:1901566": 0.011236261576414108,
    "GO:0005615": 0.8681440949440002,
    "GO:0031328": 0.09434671700000763,
    "GO:0045935": 0.052289120852947235,
    "GO:0006796": 0.16474702954292297,
    "GO:0009719": 0.3366316556930542,
    "GO:0009887": 0.12573479115962982,
    "GO:0051246": 0.6218109726905823,
    "GO:0048584": 0.4272715151309967,
    "GO:0048699": 0.017289333045482635,
    "GO:0044248": 0.06857714056968689,
    "GO:0044271": 0.06132597103714943,
    "GO:0060429": 0.11092650890350342,
    "GO:0048646": 0.13460062444210052,
    "GO:0016070": 0.0355013906955719,
    "GO:0005215": 0.022754356265068054,
    "GO:0031975": 0.005133825819939375,
    "GO:0010557": 0.037819474935531616,
    "GO:0006357": 0.021930091083049774,
    "GO:0030182": 0.014668643474578857,
    "GO:0065009": 0.7362260818481445,
    "GO:0051649": 0.06636357307434082,
    "GO:0051254": 0.03411942720413208,
    "GO:0006629": 0.13062803447246552,
    "GO:0016491": 0.03311911225318909,
    "GO:0022857": 0.012393329292535782,
    "GO:0071310": 0.2742100954055786,
    "GO:0003008": 0.4751584529876709,
    "GO:0043565": 0.0009287201683036983,
    "GO:0070727": 0.02798066847026348,
    "GO:0009059": 0.018269896507263184,
    "GO:0030030": 0.012979540042579174,
    "GO:0042592": 0.45241254568099976,
    "GO:0031967": 0.0033192462287843227,
    "GO:1901362": 0.08685442060232162,
    "GO:0098588": 0.02343711256980896,
    "GO:0006082": 0.0668678805232048,
    "GO:0008104": 0.029850568622350693,
    "GO:0006952": 0.9111186861991882,
    "GO:0043436": 0.060611791908741,
    "GO:0120036": 0.011380095034837723,
    "GO:1902680": 0.02202535606920719
}