{
    "Cytosolic Proteins": 0.0015524009941145778,
    "Mitochondrial Proteins": 0.001325345248915255,
    "Nuclear Proteins": 0.0008162354351952672,
    "Other Proteins": 0.0007315888069570065,
    "Extracellular/Secreted Proteins": 0.9955744743347168
}