{
    "GO:0005575": 0.9167709350585938,
    "GO:0008150": 0.9601694941520691,
    "GO:0110165": 0.9076829552650452,
    "GO:0003674": 0.8999738097190857,
    "GO:0005622": 0.3855418860912323,
    "GO:0009987": 0.8349185585975647,
    "GO:0043226": 0.2640478312969208,
    "GO:0043229": 0.20832723379135132,
    "GO:0005488": 0.7503432035446167,
    "GO:0043227": 0.1338268369436264,
    "GO:0005737": 0.3829149305820465,
    "GO:0043231": 0.133395716547966,
    "GO:0005515": 0.5003232955932617,
    "GO:0065007": 0.7917692065238953,
    "GO:0050789": 0.7016769647598267,
    "GO:0050794": 0.6225765943527222,
    "GO:0050896": 0.9545025825500488,
    "GO:0008152": 0.7977776527404785,
    "GO:0032501": 0.5992950797080994,
    "GO:0005634": 0.013004499487578869,
    "GO:0032502": 0.5147520303726196,
    "GO:0071704": 0.6333234310150146,
    "GO:0048856": 0.5002127885818481,
    "GO:0016020": 0.13649095594882965,
    "GO:0003824": 0.813400149345398,
    "GO:0044237": 0.8291711211204529,
    "GO:0044238": 0.5703542232513428,
    "GO:0007275": 0.26415055990219116,
    "GO:0006807": 0.5743935704231262,
    "GO:0071944": 0.18838591873645782,
    "GO:0071840": 0.12583285570144653,
    "GO:0019222": 0.6315599679946899,
    "GO:0016043": 0.1574924737215042,
    "GO:0048518": 0.4049883782863617,
    "GO:0005829": 0.1395697444677353,
    "GO:0043170": 0.5232868194580078,
    "GO:0048731": 0.1475091427564621,
    "GO:0060255": 0.635597825050354,
    "GO:0051716": 0.3231668174266815,
    "GO:0005886": 0.08902125805616379,
    "GO:0032991": 0.22556674480438232,
    "GO:0043228": 0.016767745837569237,
    "GO:0043232": 0.014709092676639557,
    "GO:0031974": 0.00988029409199953,
    "GO:0043233": 0.011832808144390583,
    "GO:0070013": 0.01123079564422369,
    "GO:0048519": 0.5823241472244263,
    "GO:0048522": 0.43066588044166565,
    "GO:0080090": 0.7635207176208496,
    "GO:0031323": 0.3990037739276886,
    "GO:0042221": 0.4411715865135193,
    "GO:1901564": 0.5437862873077393,
    "GO:0051171": 0.7752764821052551,
    "GO:0006950": 0.9595571756362915,
    "GO:0010468": 0.3026927709579468,
    "GO:0051179": 0.2704959511756897,
    "GO:0048869": 0.2076175957918167,
    "GO:0031981": 0.0009584064246155322,
    "GO:0030154": 0.1896129697561264,
    "GO:0012505": 0.04882529377937317,
    "GO:0048513": 0.17356456816196442,
    "GO:0097159": 0.7240410447120667,
    "GO:0009653": 0.14056959748268127,
    "GO:1901363": 0.6971346735954285,
    "GO:0048523": 0.3472779393196106,
    "GO:1901360": 0.45605310797691345,
    "GO:0051234": 0.3340589106082916,
    "GO:0034641": 0.5455015897750854,
    "GO:0007154": 0.22767658531665802,
    "GO:0009605": 0.9357099533081055,
    "GO:0009889": 0.48753488063812256,
    "GO:0006725": 0.39579662680625916,
    "GO:0006810": 0.335273802280426,
    "GO:0009058": 0.19846650958061218,
    "GO:0031326": 0.5004642009735107,
    "GO:0046483": 0.45140114426612854,
    "GO:0005654": 0.0009598187170922756,
    "GO:0019219": 0.11129919439554214,
    "GO:1901576": 0.12564969062805176,
    "GO:0048583": 0.14742779731750488,
    "GO:0003676": 0.23008573055267334,
    "GO:0010556": 0.4754014015197754,
    "GO:0048468": 0.17592789232730865,
    "GO:0006996": 0.04556295648217201,
    "GO:0044249": 0.2028975635766983,
    "GO:0016740": 0.6511267423629761,
    "GO:0023052": 0.2213219255208969,
    "GO:0051252": 0.09747052937746048,
    "GO:0009893": 0.19615140557289124,
    "GO:0019538": 0.4550151228904724,
    "GO:0010033": 0.19100724160671234,
    "GO:0006139": 0.4960804879665375,
    "GO:0005739": 0.027570391073822975,
    "GO:2001141": 0.1283673197031021,
    "GO:1903506": 0.11622080951929092,
    "GO:0006355": 0.10544846206903458,
    "GO:0010604": 0.2118605226278305,
    "GO:0007165": 0.13148190081119537,
    "GO:0005576": 0.8731892108917236,
    "GO:0000003": 0.11947789788246155,
    "GO:0007399": 0.01711871847510338,
    "GO:0009888": 0.12523986399173737,
    "GO:0010646": 0.1579764038324356,
    "GO:0023051": 0.15977363288402557,
    "GO:0044260": 0.11444667726755142,
    "GO:0044085": 0.02588064782321453,
    "GO:0051239": 0.7038207650184631,
    "GO:0016787": 0.7260732650756836,
    "GO:0022414": 0.05448456108570099,
    "GO:0050793": 0.04643571004271507,
    "GO:0065008": 0.5418133735656738,
    "GO:0031090": 0.0035096118226647377,
    "GO:0031325": 0.05554463341832161,
    "GO:0009892": 0.7331639528274536,
    "GO:0051173": 0.14634482562541962,
    "GO:0044281": 0.1421993225812912,
    "GO:0090304": 0.16956616938114166,
    "GO:0031982": 0.34827229380607605,
    "GO:0051641": 0.06864505261182785,
    "GO:0070887": 0.20837998390197754,
    "GO:0140096": 0.5572887063026428,
    "GO:0042995": 0.03564731031656265,
    "GO:0009628": 0.28671500086784363,
    "GO:0120025": 0.04098972678184509,
    "GO:0010605": 0.7552015781402588,
    "GO:0022607": 0.03869050368666649,
    "GO:0044419": 0.8932143449783325,
    "GO:0009966": 0.05524381995201111,
    "GO:1901700": 0.2614830434322357,
    "GO:0051128": 0.08855869621038437,
    "GO:0043412": 0.20099250972270966,
    "GO:0033554": 0.05333840474486351,
    "GO:0030054": 0.003185511799529195,
    "GO:0003677": 0.6266065239906311,
    "GO:0009607": 0.8977364897727966,
    "GO:0009790": 0.032609377056360245,
    "GO:0009056": 0.6785204410552979,
    "GO:0010467": 0.15758949518203735,
    "GO:0005856": 0.004370516166090965,
    "GO:0043207": 0.9017638564109802,
    "GO:0051707": 0.8990369439125061,
    "GO:0003006": 0.043697115033864975,
    "GO:0036211": 0.28605929017066956,
    "GO:1902494": 0.0034985824022442102,
    "GO:0042802": 0.37498217821121216,
    "GO:0005783": 0.009721697308123112,
    "GO:0033036": 0.017521677538752556,
    "GO:0043167": 0.8953509330749512,
    "GO:0022008": 0.0012176120653748512,
    "GO:0071702": 0.15630728006362915,
    "GO:0051172": 0.7763751149177551,
    "GO:0031324": 0.43555110692977905,
    "GO:0097708": 0.17156772315502167,
    "GO:0031410": 0.1565835326910019,
    "GO:1901575": 0.7321134209632874,
    "GO:0009891": 0.049235135316848755,
    "GO:0006793": 0.4214353859424591,
    "GO:0032879": 0.3526389002799988,
    "GO:1901566": 0.08106763660907745,
    "GO:0005615": 0.5077784657478333,
    "GO:0031328": 0.05968056246638298,
    "GO:0045935": 0.027651533484458923,
    "GO:0006796": 0.4853268265724182,
    "GO:0009719": 0.10607247054576874,
    "GO:0009887": 0.025443194434046745,
    "GO:0051246": 0.8228649497032166,
    "GO:0048584": 0.07479260861873627,
    "GO:0048699": 0.0006760123069398105,
    "GO:0044248": 0.47636279463768005,
    "GO:0044271": 0.38632163405418396,
    "GO:0060429": 0.028095677495002747,
    "GO:0048646": 0.15960708260536194,
    "GO:0016070": 0.0775294378399849,
    "GO:0005215": 0.03086543083190918,
    "GO:0031975": 0.007381744682788849,
    "GO:0010557": 0.04165910556912422,
    "GO:0006357": 0.020627666264772415,
    "GO:0030182": 0.000719685573130846,
    "GO:0065009": 0.9439314007759094,
    "GO:0051649": 0.06110301986336708,
    "GO:0051254": 0.025236831977963448,
    "GO:0006629": 0.01973632536828518,
    "GO:0016491": 0.4487813413143158,
    "GO:0022857": 0.0418308824300766,
    "GO:0071310": 0.014559108763933182,
    "GO:0003008": 0.3050622045993805,
    "GO:0043565": 0.01100589707493782,
    "GO:0070727": 0.009349082596600056,
    "GO:0009059": 0.06506279110908508,
    "GO:0030030": 0.0005295824375934899,
    "GO:0042592": 0.14931461215019226,
    "GO:0031967": 0.000984734739176929,
    "GO:1901362": 0.27435049414634705,
    "GO:0098588": 0.006170316599309444,
    "GO:0006082": 0.04301220178604126,
    "GO:0008104": 0.008843760006129742,
    "GO:0006952": 0.9461719393730164,
    "GO:0043436": 0.03247198089957237,
    "GO:0120036": 0.0006173877627588809,
    "GO:1902680": 0.020118476822972298
}