{"name": "unknown", "sequence": "{\"aminoAcidSequence\":\"AAACGAGGCAA\",\"fastas\":[]}", "cytosolic_proteins": 0.0015035097021609545, "mitochondrial_proteins": 0.001421359833329916, "nuclear_proteins": 0.0008220396703109145, "other_proteins": 0.0007374691776931286, "extracellular_secreted_proteins": 0.9955156445503235}