{
    "Cytosolic Proteins": 0.08733639121055603,
    "Mitochondrial Proteins": 0.004114300943911076,
    "Nuclear Proteins": 0.005533747375011444,
    "Other Proteins": 0.0023257818538695574,
    "Extracellular/Secreted Proteins": 0.9006897211074829
}