{
    "GO:0005575": 0.9064297080039978,
    "GO:0008150": 0.9226206541061401,
    "GO:0110165": 0.9043381214141846,
    "GO:0003674": 0.9055728316307068,
    "GO:0005622": 0.7512243986129761,
    "GO:0009987": 0.8654107451438904,
    "GO:0043226": 0.6723613739013672,
    "GO:0043229": 0.6079388856887817,
    "GO:0005488": 0.8054400086402893,
    "GO:0043227": 0.7026742696762085,
    "GO:0005737": 0.753451943397522,
    "GO:0043231": 0.6575670838356018,
    "GO:0005515": 0.6995673775672913,
    "GO:0065007": 0.79642254114151,
    "GO:0050789": 0.7328076958656311,
    "GO:0050794": 0.6715222001075745,
    "GO:0050896": 0.8643861413002014,
    "GO:0008152": 0.6863440871238708,
    "GO:0032501": 0.7794433832168579,
    "GO:0005634": 0.19739879667758942,
    "GO:0032502": 0.6579717397689819,
    "GO:0071704": 0.59200519323349,
    "GO:0048856": 0.626800537109375,
    "GO:0016020": 0.6715671420097351,
    "GO:0003824": 0.8943800926208496,
    "GO:0044237": 0.5697877407073975,
    "GO:0044238": 0.4161112606525421,
    "GO:0007275": 0.5885977149009705,
    "GO:0006807": 0.30774733424186707,
    "GO:0071944": 0.7605224847793579,
    "GO:0071840": 0.23963603377342224,
    "GO:0019222": 0.33796465396881104,
    "GO:0016043": 0.25316983461380005,
    "GO:0048518": 0.46878135204315186,
    "GO:0005829": 0.6698356866836548,
    "GO:0043170": 0.0755818784236908,
    "GO:0048731": 0.5485579967498779,
    "GO:0060255": 0.25473517179489136,
    "GO:0051716": 0.7041109204292297,
    "GO:0005886": 0.6078198552131653,
    "GO:0032991": 0.2835264801979065,
    "GO:0043228": 0.037699904292821884,
    "GO:0043232": 0.03778977692127228,
    "GO:0031974": 0.44228610396385193,
    "GO:0043233": 0.43291568756103516,
    "GO:0070013": 0.44001901149749756,
    "GO:0048519": 0.4296623468399048,
    "GO:0048522": 0.4135167896747589,
    "GO:0080090": 0.22354215383529663,
    "GO:0031323": 0.24707096815109253,
    "GO:0042221": 0.8208960890769958,
    "GO:1901564": 0.25868555903434753,
    "GO:0051171": 0.2055322825908661,
    "GO:0006950": 0.6748119592666626,
    "GO:0010468": 0.13727262616157532,
    "GO:0051179": 0.5904290676116943,
    "GO:0048869": 0.3192788362503052,
    "GO:0031981": 0.10437383502721786,
    "GO:0030154": 0.324162095785141,
    "GO:0012505": 0.32170599699020386,
    "GO:0048513": 0.4457840919494629,
    "GO:0097159": 0.38156387209892273,
    "GO:0009653": 0.2730468213558197,
    "GO:1901363": 0.3316912353038788,
    "GO:0048523": 0.3446473181247711,
    "GO:1901360": 0.10636305063962936,
    "GO:0051234": 0.5557754635810852,
    "GO:0034641": 0.029916319996118546,
    "GO:0007154": 0.42235422134399414,
    "GO:0009605": 0.5427972078323364,
    "GO:0009889": 0.11327753961086273,
    "GO:0006725": 0.07425675541162491,
    "GO:0006810": 0.5634952187538147,
    "GO:0009058": 0.11812563985586166,
    "GO:0031326": 0.08687110245227814,
    "GO:0046483": 0.0386316291987896,
    "GO:0005654": 0.0956077054142952,
    "GO:0019219": 0.04674967750906944,
    "GO:1901576": 0.1074407696723938,
    "GO:0048583": 0.33015042543411255,
    "GO:0003676": 0.02893589250743389,
    "GO:0010556": 0.058394916355609894,
    "GO:0048468": 0.21866796910762787,
    "GO:0006996": 0.04249921068549156,
    "GO:0044249": 0.08774186670780182,
    "GO:0016740": 0.018321223556995392,
    "GO:0023052": 0.28844141960144043,
    "GO:0051252": 0.02751832641661167,
    "GO:0009893": 0.17763179540634155,
    "GO:0019538": 0.04963582381606102,
    "GO:0010033": 0.7108041644096375,
    "GO:0006139": 0.014397897757589817,
    "GO:0005739": 0.3533691167831421,
    "GO:2001141": 0.03598134592175484,
    "GO:1903506": 0.035750288516283035,
    "GO:0006355": 0.03232390061020851,
    "GO:0010604": 0.12567472457885742,
    "GO:0007165": 0.22338387370109558,
    "GO:0005576": 0.8635867834091187,
    "GO:0000003": 0.2769065201282501,
    "GO:0007399": 0.15012456476688385,
    "GO:0009888": 0.20150256156921387,
    "GO:0010646": 0.21488094329833984,
    "GO:0023051": 0.204391211271286,
    "GO:0044260": 0.003327478189021349,
    "GO:0044085": 0.04830083250999451,
    "GO:0051239": 0.40165531635284424,
    "GO:0016787": 0.5259527564048767,
    "GO:0022414": 0.23103567957878113,
    "GO:0050793": 0.160858616232872,
    "GO:0065008": 0.6657341718673706,
    "GO:0031090": 0.14309252798557281,
    "GO:0031325": 0.12495328485965729,
    "GO:0009892": 0.13484415411949158,
    "GO:0051173": 0.08628445118665695,
    "GO:0044281": 0.25857818126678467,
    "GO:0090304": 0.001498628524132073,
    "GO:0031982": 0.5473534464836121,
    "GO:0051641": 0.10963458567857742,
    "GO:0070887": 0.6672297120094299,
    "GO:0140096": 0.08408942073583603,
    "GO:0042995": 0.21549652516841888,
    "GO:0009628": 0.5011420845985413,
    "GO:0120025": 0.22255757451057434,
    "GO:0010605": 0.09892748296260834,
    "GO:0022607": 0.05293518304824829,
    "GO:0044419": 0.3195900321006775,
    "GO:0009966": 0.10906296223402023,
    "GO:1901700": 0.7452374696731567,
    "GO:0051128": 0.12782272696495056,
    "GO:0043412": 0.00567661365494132,
    "GO:0033554": 0.20347844064235687,
    "GO:0030054": 0.18432894349098206,
    "GO:0003677": 0.005026083905249834,
    "GO:0009607": 0.2559289038181305,
    "GO:0009790": 0.13432462513446808,
    "GO:0009056": 0.25830405950546265,
    "GO:0010467": 0.02289283648133278,
    "GO:0005856": 0.010866152122616768,
    "GO:0043207": 0.23304620385169983,
    "GO:0051707": 0.2370334416627884,
    "GO:0003006": 0.10343107581138611,
    "GO:0036211": 0.005645882338285446,
    "GO:1902494": 0.007681029848754406,
    "GO:0042802": 0.31415826082229614,
    "GO:0005783": 0.1217140480875969,
    "GO:0033036": 0.20385684072971344,
    "GO:0043167": 0.8040205240249634,
    "GO:0022008": 0.08253186196088791,
    "GO:0071702": 0.2681545913219452,
    "GO:0051172": 0.07414495944976807,
    "GO:0031324": 0.058927271515131,
    "GO:0097708": 0.32747402787208557,
    "GO:0031410": 0.3266453146934509,
    "GO:1901575": 0.1750839203596115,
    "GO:0009891": 0.058129966259002686,
    "GO:0006793": 0.0339665524661541,
    "GO:0032879": 0.3311947286128998,
    "GO:1901566": 0.017298806458711624,
    "GO:0005615": 0.8000324368476868,
    "GO:0031328": 0.05161697790026665,
    "GO:0045935": 0.021307487040758133,
    "GO:0006796": 0.036458466202020645,
    "GO:0009719": 0.5094777941703796,
    "GO:0009887": 0.09261692315340042,
    "GO:0051246": 0.12336073815822601,
    "GO:0048584": 0.14424015581607819,
    "GO:0048699": 0.05812736228108406,
    "GO:0044248": 0.13585838675498962,
    "GO:0044271": 0.009361734613776207,
    "GO:0060429": 0.11991093307733536,
    "GO:0048646": 0.06540978699922562,
    "GO:0016070": 0.0006133251590654254,
    "GO:0005215": 0.2261442393064499,
    "GO:0031975": 0.08426564931869507,
    "GO:0010557": 0.018816174939274788,
    "GO:0006357": 0.024693584069609642,
    "GO:0030182": 0.05335650593042374,
    "GO:0065009": 0.22006165981292725,
    "GO:0051649": 0.05290679261088371,
    "GO:0051254": 0.010498280636966228,
    "GO:0006629": 0.24021752178668976,
    "GO:0016491": 0.6095510721206665,
    "GO:0022857": 0.12318519502878189,
    "GO:0071310": 0.3002188205718994,
    "GO:0003008": 0.4379221796989441,
    "GO:0043565": 0.0009489331860095263,
    "GO:0070727": 0.03109738975763321,
    "GO:0009059": 0.0013686410384252667,
    "GO:0030030": 0.026377666741609573,
    "GO:0042592": 0.6621918678283691,
    "GO:0031967": 0.05750497058033943,
    "GO:1901362": 0.023712145164608955,
    "GO:0098588": 0.10193504393100739,
    "GO:0006082": 0.09623505175113678,
    "GO:0008104": 0.03632987663149834,
    "GO:0006952": 0.1609090119600296,
    "GO:0043436": 0.09662853181362152,
    "GO:0120036": 0.03026448003947735,
    "GO:1902680": 0.015667935833334923
}